INSERT INTO rocket (id, name) VALUES
(0, "rocket"),
(1, "satellite"),
(2, "rover");
INSERT INTO top (id, name, price, image, rocket_id) VALUES
(0, "Yellow top", 100000, "img/A1.png", 0),
(1, "Red top", 250000, "img/A2.png", 0),
(2, "Blue top", 50000, "img/A3.png", 0);
INSERT INTO middle (id, name, price, image, rocket_id) VALUES
(0, "Grey middle", 500000, "img/B1.png", 0),
(1, "Green/Yellow middle", 750000, "img/B2.png", 0),
(2, "Blue/Red middle", 350000, "img/B3.png", 0);
INSERT INTO bottom (id, name, price, image, rocket_id) VALUES
(0, "Yellow bottom", 400000, "img/C1.png", 0),
(1, "Red bottom", 500000, "img/C2.png", 0),
(2, "Blue bottom", 250000, "img/C3.png", 0);
INSERT INTO top (id, name, price, image, rocket_id) VALUES
(3, "Orange top", 80000, "img/D1.png", 1),
(4, "Purple top", 95000, "img/D2.png", 1),
(5, "Red top", 60000, "img/D3.png", 1);
INSERT INTO middle (id, name, price, image, rocket_id) VALUES
(3, "Blue middle", 400000, "img/E1.png", 1),
(4, "Red/Purple middle", 420000, "img/E2.png", 1),
(5, "Rainbow middle", 700000, "img/E3.png", 1);
INSERT INTO bottom (id, name, price, image, rocket_id) VALUES
(3, "Orange bottom", 350000, "img/F1.png", 1),
(4, "Pink bottom", 400000, "img/F2.png", 1),
(5, "Green/Red bottom", 300000, "img/F3.png", 1);
INSERT INTO top (id, name, price, image, rocket_id) VALUES
(6, "Grey top", 70000, "img/G1.png", 2),
(7, "Blue top", 40000, "img/G2.png", 2),
(8, "Red top", 50000, "img/G3.png", 2);
INSERT INTO middle (id, name, price, image, rocket_id) VALUES
(6, "Grey middle", 350000, "img/H1.png", 2),
(7, "Orange middle", 400000, "img/H2.png", 2),
(8, "Purple middle", 450000, "img/H3.png", 2);
INSERT INTO bottom (id, name, price, image, rocket_id) VALUES
(6, "Grey bottom", 100000, "img/I1.png", 2),
(7, "Orange bottom", 50000, "img/I2.png", 2),
(8, "Purple bottom", 75000, "img/I3.png", 2);